{
  "status": "success",
  "algorithm": "decision_tree",
  "algorithm_name": "Decision Tree",
  "split": {
    "train": 0.7,
    "val": 0.10000000000000009,
    "test": 0.2
  },
  "samples": {
    "total": 1500,
    "train": 1049,
    "val": 150,
    "test": 301
  },
  "scores": {
    "train_score": 1.0,
    "val_score": 0.9333333333333333,
    "test_score": 0.9401993355481728
  },
  "metrics": {
    "accuracy": 0.9401993355481728,
    "f1_score": 0.9413216023548591,
    "precision": 0.943149194843547,
    "recall": 0.9401993355481728
  },
  "confusion_matrix": {
    "labels": [
      "Normal",
      "Warning",
      "Critical"
    ],
    "matrix": [
      [
        225,
        11,
        0
      ],
      [
        6,
        34,
        1
      ],
      [
        0,
        0,
        24
      ]
    ]
  },
  "classification_report": {
    "Normal": {
      "precision": 0.974025974025974,
      "recall": 0.9533898305084746,
      "f1-score": 0.9635974304068522,
      "support": 236.0
    },
    "Warning": {
      "precision": 0.7555555555555555,
      "recall": 0.8292682926829268,
      "f1-score": 0.7906976744186047,
      "support": 41.0
    },
    "Critical": {
      "precision": 0.96,
      "recall": 1.0,
      "f1-score": 0.9795918367346939,
      "support": 24.0
    },
    "accuracy": 0.9401993355481728,
    "macro avg": {
      "precision": 0.8965271765271764,
      "recall": 0.9275527077304672,
      "f1-score": 0.911295647186717,
      "support": 301.0
    },
    "weighted avg": {
      "precision": 0.943149194843547,
      "recall": 0.9401993355481728,
      "f1-score": 0.9413216023548591,
      "support": 301.0
    }
  },
  "cross_validation": {
    "folds": 5,
    "scores": [
      0.9,
      0.919047619047619,
      0.9238095238095239,
      0.9904761904761905,
      0.8947368421052632
    ],
    "mean": 0.9256140350877192,
    "std": 0.034243110612658306
  }
}